n_slots,h_lb,h_yb,h_gb,cagr,mdd,calmar,sharpe,vol,final
5,3,3,3,0.049970500475922996,-0.21816218583433877,0.2290520709847858,0.4884032152742976,0.11299896212156177,147456.20189949765
5,3,3,7,0.054294178850423425,-0.21982467099953285,0.24698855958046131,0.5204911249316501,0.11420198022153474,152362.19157323663
5,3,3,14,0.05319435630076841,-0.24931976874396677,0.21335795620521025,0.5094201415035123,0.11476044802947957,151100.9034184449
5,3,3,30,0.08592946526808332,-0.22290269421916376,0.3855021383617518,0.6941050785322547,0.1312641775372635,192814.05360103073
5,3,7,3,0.04643291433022112,-0.22959822598917223,0.20223551000960643,0.4107420152493091,0.13169129943613703,143545.49338281676
5,3,7,7,0.050869036529526346,-0.24259600453285957,0.20968620908443752,0.4400985009447669,0.13289412367992934,148464.2225058268
5,3,7,14,0.04996850188380053,-0.27346746981057635,0.18272192271502122,0.43258574209734735,0.13336711590678788,147453.9664712466
5,3,7,30,0.08352527914524965,-0.23388888699174804,0.35711521064357604,0.6158004632338997,0.14817752599165077,189440.3079495916
5,3,14,3,0.11208596848677477,-0.15309637749583183,0.7321268492445316,0.6638611002058743,0.18545667550235312,233058.3835698819
5,3,14,7,0.11753444060151907,-0.1544969922527143,0.7607555259669087,0.6872165886116206,0.186582212604156,242309.04428668457
5,3,14,14,0.11710329999247704,-0.18284747385910383,0.6404425367271573,0.683956942703985,0.18703199365106202,241565.5155622115
5,3,14,30,0.15049068070658955,-0.1558260641373146,0.9657606481928243,0.8071409301025043,0.19748740501889006,305420.2904062283
5,3,30,3,0.21969250863953382,-0.22903394430130497,0.9592137502138894,0.964048386189094,0.23435376489258464,486332.1978667775
5,3,30,7,0.22606130097650534,-0.22903394430130475,0.9870209486464209,0.9826142575560142,0.2355100487582328,506929.01161614084
5,3,30,14,0.22573358093954243,-0.23972941230482514,0.9416182135069582,0.9797007246528454,0.2360720531672016,505850.8416005225
5,3,30,30,0.2608163666948671,-0.22903394430130486,1.1387673014605684,1.0725124550706997,0.2436968036221463,633333.2599338385
5,7,3,3,0.12369637485927498,-0.38757446664492334,0.3191551185764761,0.6980453817727894,0.19429468569460792,253156.53152902413
5,7,3,7,0.128118774985992,-0.39282605477752597,0.326146327179217,0.714366831548362,0.19576143993023062,261201.21990068123
5,7,3,14,0.12700273215566882,-0.4133044973290555,0.3072861122402804,0.7073080879761545,0.19652304809937213,259150.25142580655
5,7,3,30,0.16176120008716355,-0.3747889507833565,0.4316061072479914,0.8307014768947774,0.20629053308188255,330078.5484548846
5,7,7,3,0.11954576143697526,-0.4069668429719946,0.2937481603266677,0.6452529911251881,0.2090317849171661,245804.200421811
5,7,7,7,0.1241160356598705,-0.4137580612326561,0.2999724894546044,0.6616365336394037,0.2104805140433644,253910.50645233976
5,7,7,14,0.1232125395408954,-0.4340712399698926,0.28385326691867785,0.6562850800003707,0.211197581266171,252289.68915845617
5,7,7,30,0.1588688812956507,-0.3817385914952901,0.4161719166861096,0.7792775419483389,0.22059779383760256,323590.1518361627
5,7,14,3,0.1896613539342975,-0.29311081778880355,0.6470636442731195,0.8245359629292865,0.24752167934068692,398751.5256981614
5,7,14,7,0.19527763912764629,-0.2933225209382445,0.6657437639053961,0.8403401382220737,0.24888185949666664,413993.0834783117
5,7,14,14,0.19485339150318626,-0.3142616943621419,0.6200354513415353,0.8374370185530126,0.24950424691213274,412824.2288997727
5,7,14,30,0.23042912173451646,-0.29285727925946825,0.7868307809086721,0.93393962029177,0.2572752856821757,521491.83315509045
5,7,30,3,0.3048505261414367,-0.2777840582114861,1.0974370815381493,1.072532026919326,0.2863069413893957,832478.5927638907
5,7,30,7,0.3113973981813998,-0.27751452203198246,1.122094065209,1.0859041141058212,0.28778482506980585,866331.5575675748
5,7,30,14,0.311075165575609,-0.2819037119047798,1.1034802041935603,1.083021934829754,0.28851331769220095,864637.6050948608
5,7,30,30,0.34845211744505833,-0.2771090770641572,1.2574547219338597,1.1624538255967225,0.2945316133739908,1081591.1440599784
5,14,3,3,0.31888135259356254,-0.3993788173312328,0.7984433293794145,1.1053344279917043,0.2883094750740584,906499.2594794562
5,14,3,7,0.32207080519814535,-0.40677529222603726,0.7917658996337879,1.109642238297985,0.2897376521013083,924106.4779592131
5,14,3,14,0.31899636162503353,-0.429523627281169,0.742674771220947,1.097068381165304,0.2913424505880717,907129.0252430148
5,14,3,30,0.36524465343581647,-0.3772941559386985,0.9680633735953232,1.1945237195760674,0.29815136784139784,1193634.7552322012
5,14,7,3,0.31452130565909453,-0.4183983636380938,0.7517269019033477,1.063263909236221,0.2997308625774798,882904.7462295854
5,14,7,7,0.3180253080605424,-0.4271188895588266,0.7445826345658288,1.0683984834431028,0.30119180833597464,901823.7369907884
5,14,7,14,0.315335812765569,-0.4495359261034908,0.7014696589410594,1.0576236102366574,0.302756789944087,887271.2294559681
5,14,7,30,0.3622834806520723,-0.38537040518428123,0.9400915996100714,1.1550685046950735,0.3093837103018866,1173170.3161462694
5,14,14,3,0.39054242586658705,-0.3349479000613975,1.1659796218904457,1.1606866297035578,0.3314032658549321,1381585.3792579747
5,14,14,7,0.39474853321311865,-0.3355588349621531,1.1763914165980502,1.1662452784555584,0.3328163782970437,1415221.4409025994
5,14,14,14,0.3923299038521173,-0.3471057596624836,1.1302892358617398,1.157532107542621,0.33420706599691036,1395793.357828689
5,14,14,30,0.4397867347385567,-0.33458284654586323,1.314433000014161,1.2422397307704605,0.34003088045154467,1822851.061887213
5,14,30,3,0.5218990712660678,-0.3221866379708921,1.6198656609502804,1.345223091076776,0.36085839120439656,2835275.909649857
5,14,30,7,0.5265883965277107,-0.32308632126717074,1.6298690531446467,1.3495952387890344,0.3623722096778156,2905605.2611396043
5,14,30,14,0.5238331297431087,-0.3237086343775315,1.6182241500922652,1.3408949948905629,0.36372669274643216,2864099.961998084
5,14,30,30,0.5745505546374896,-0.321723719326906,1.7858507785485478,1.41727277894987,0.368529376621493,3717368.92352393
5,30,3,3,0.6398739030532952,-0.4170532015328242,1.5342740463363493,1.307062290952207,0.46116845889593183,5138520.457390823
5,30,3,7,0.6430649823077856,-0.4170532015328242,1.5419255383828365,1.3102115450760201,0.4617505051858655,5218699.887633749
5,30,3,14,0.6391577173835983,-0.4170532015328242,1.5325567937962306,1.30294421761325,0.462869904996498,5120674.2325925995
5,30,3,30,0.6953963782317356,-0.4170532015328242,1.6674044838305944,1.359312551796619,0.4714960144039684,6698996.831123123
5,30,7,3,0.6375768571191573,-0.4317628251130665,1.4766830769930086,1.287245634395673,0.47051112957640834,5081473.406704998
5,30,7,7,0.6412923166858471,-0.4317628251130665,1.4852884023026083,1.2910728085536927,0.471084468760425,5174025.691259422
5,30,7,14,0.6379512035111496,-0.4317628251130665,1.477550095574088,1.28479278707596,0.472177302946614,5090732.33757835
5,30,7,30,0.6954734885129743,-0.4317628251130665,1.6107766765951872,1.3425555623428587,0.48060228634870555,6701423.84963312
5,30,14,3,0.7313216462823711,-0.40348930262648064,1.8124932718708837,1.365397847328945,0.49170801481626314,7916582.025459949
5,30,14,7,0.7354862769902653,-0.40348930262648064,1.8228148112048508,1.3691773894513815,0.4923330834895259,8069525.126150338
5,30,14,14,0.7321728781624584,-0.40348930262648064,1.814602948322146,1.363446320106228,0.49334328444619174,7947635.1261546165
5,30,14,30,0.7908415817098082,-0.40348930262648064,1.9600063163060075,1.4161875253835015,0.5013450997703397,10362165.681525312
5,30,30,3,0.8894406187142034,-0.4254118601328357,2.0907753216764426,1.4887245182497362,0.5191379092348771,15879276.471053444
5,30,30,7,0.8938080217594666,-0.42559339919848416,2.1001454050809207,1.4917582165842262,0.5198925480839768,16173970.86560822
5,30,30,14,0.8898601034198679,-0.42583575156395004,2.0896791783022306,1.4858133672921257,0.5208965305204426,15907376.247389
5,30,30,30,0.9524299733269699,-0.4279880614614814,2.225365749863768,1.5343170338898857,0.5282130741945366,20618712.851522516
7,3,3,3,0.04586092254828089,-0.21857282562024805,0.2098198731619108,0.5092101988459657,0.09754179797005623,142921.76583245624
7,3,3,7,0.0501433205956634,-0.22626090303258273,0.22161725655467088,0.5423854664068664,0.099474589112127,147649.6135682454
7,3,3,14,0.05112624842768243,-0.24208042267649565,0.21119530386810761,0.5468927137024002,0.10057279807310719,148753.88211376575
7,3,3,30,0.08014105365420399,-0.19692674116263875,0.40695871561707675,0.7103401657411924,0.11853835503622609,184778.80083250234
7,3,7,3,0.05385004760038825,-0.23154393475348722,0.2325694588274126,0.4980743291789382,0.11993326825100536,151851.75330552732
7,3,7,7,0.058072660078617666,-0.24081194708203224,0.24115356726398338,0.5255925361374686,0.12167733004481097,156765.82207641273
7,3,7,14,0.0597897996651755,-0.2560573442377666,0.23350160036673903,0.5346375093627115,0.1229479669068663,158803.56913774033
7,3,7,30,0.08859387744382441,-0.18751538167218418,0.4724619210103249,0.685626581152794,0.13781906062818694,196614.23881633038
7,3,14,3,0.12249419694928299,-0.1375118902667023,0.890789856147765,0.7508993571220544,0.1736418183148395,251007.48954031395
7,3,14,7,0.12735496007672875,-0.1367502809845802,0.9312957835244898,0.7709793354786942,0.17505504351077125,259796.01958226203
7,3,14,14,0.12970110143598101,-0.137942886790259,0.9402521902647321,0.7789303492993754,0.1762004546921886,264133.40837591473
7,3,14,30,0.15849968517271873,-0.13630000819753674,1.162873629053701,0.8797612452735709,0.18681955009310164,322770.0082988221
7,3,30,3,0.2163517842279261,-0.22903394430130486,0.9446275960881381,0.9947924376500611,0.22143774491637735,475823.7771705252
7,3,30,7,0.2219218625665098,-0.22903394430130475,0.968947477385978,1.0111280924915964,0.2226558224061647,493457.12807763764
7,3,30,14,0.22404626977982,-0.22903394430130486,0.978222989886061,1.0157719145441393,0.22354619099806597,500331.41472150746
7,3,30,30,0.2550185858775085,-0.22903394430130497,1.1134532335609584,1.0955556307209993,0.23181490165793445,610506.2258297984
7,7,3,3,0.12993524805161782,-0.35233651090511,0.3687816732867958,0.7711878482922488,0.179587488166124,264569.7379267338
7,7,3,7,0.13439682160832844,-0.35640225368361445,0.37709307452257373,0.7860333431132519,0.18170260195745191,273005.1306661058
7,7,3,14,0.13596712653539456,-0.3647923443876294,0.37272472579883825,0.7890509776082859,0.18308341965983582,276029.5181883973
7,7,3,30,0.16630726045837885,-0.2913254404782577,0.5708641860640755,0.8945677478076537,0.19306707805871845,340506.8255953476
7,7,7,3,0.14081401332883026,-0.3622102317057093,0.38876321263955804,0.7737781129756468,0.1951770043406225,285550.14413152303
7,7,7,7,0.14520189084395274,-0.3676056665900076,0.3949936141922892,0.787297435077539,0.19721743885073542,294415.5319861649
7,7,7,14,0.14763826517470235,-0.3753950047620589,0.39328777235137075,0.7933580703478759,0.19878094899201598,299441.2165185508
7,7,7,30,0.17762334035167027,-0.30368343983123025,0.5848963659341553,0.892191147601132,0.20772790397191035,367725.69182756904
7,7,14,3,0.21559065209429606,-0.2191599963620794,0.9837135228735525,0.9526316295965976,0.233492299576979,473457.561527108
7,7,14,7,0.2205708237154942,-0.22028234741207553,1.0013095752192935,0.9642732644415103,0.23537817560504787,489128.4460884404
7,7,14,14,0.22370114194210777,-0.22056726843837016,1.0142082437069,0.9704929192961596,0.236876147791657,499208.96460111346
7,7,14,30,0.25378750513551407,-0.22026498107054915,1.1521918005396778,1.0472752559925254,0.2444652382021679,605752.9077485533
7,7,30,3,0.31425150024071713,-0.22903394430130486,1.372073913320484,1.1382524351186623,0.2728751789023235,881462.498042876
7,7,30,7,0.31989145420233367,-0.22903394430130464,1.3966988831205815,1.148736906061201,0.2745074162651703,912043.4576113138
7,7,30,14,0.32276579420413576,-0.22903394430130475,1.4092487259422228,1.152630601145279,0.2757698036911053,927982.5677061834
7,7,30,30,0.35519526015493974,-0.22903394430130475,1.5508411263601345,1.2184168330486964,0.2822757471692455,1125425.557944195
7,14,3,3,0.28823587789974514,-0.4339612272083101,0.6641973057223984,1.0497667427393802,0.27863642733784555,751706.2472744107
7,14,3,7,0.2915397789684544,-0.43869289327946503,0.6645646269513006,1.054148354419778,0.28036445327269005,767198.49040275
7,14,3,14,0.2902099669830591,-0.4507870202713168,0.6437851001308543,1.0455938053884382,0.2821382009783064,760929.6534693611
7,14,3,30,0.33220028244536004,-0.3844390107152623,0.8641169943375145,1.138066159319596,0.2891534601290432,982024.8671496466
7,14,7,3,0.2918999588911453,-0.4445751026859216,0.6565818848775332,1.0294148030511083,0.2900866564509727,768904.1592766948
7,14,7,7,0.29541237018376965,-0.4504644052795532,0.6557951454575861,1.034244471933337,0.2918526498162971,785712.1800174006
7,14,7,14,0.29494380169817824,-0.46197162366521183,0.6384457109251418,1.0284130821160287,0.2936596374500878,783451.521075253
7,14,7,30,0.3366575137716472,-0.3850355282139185,0.874354414340192,1.1179452931125442,0.3003049908207308,1008499.8448407516
7,14,14,3,0.3697693253886878,-0.33436570697060264,1.1058829230391076,1.1396470377023629,0.32161233769303443,1225507.3699613875
7,14,14,7,0.3738116768176267,-0.3348650674142497,1.1163053814604005,1.144379470597258,0.32334543680380506,1254609.3322947007
7,14,14,14,0.3738871110010882,-0.33513909631636896,1.115617709514086,1.140014775716342,0.32513059164501107,1255158.0968344777
7,14,14,30,0.41586162180546293,-0.33384197776654945,1.2456840346670501,1.216829273370446,0.33094493523679963,1595112.5722588722
7,14,30,3,0.48966276946754306,-0.32850159038413096,1.4905948214587315,1.3088006217013624,0.35223968376925663,2390799.4806919787
7,14,30,7,0.4940709037525972,-0.32902402711130063,1.5016256049454568,1.312830168077613,0.3538382608890105,2447729.572461978
7,14,30,14,0.4935440685734447,-0.3294167451492539,1.498236127461666,1.307538277334814,0.3554192934136015,2440863.833725787
7,14,30,30,0.5391743631675832,-0.3279432960162142,1.6441085081395452,1.377507832871056,0.36061138330439635,3101962.9693025113
7,30,3,3,0.6025855791100874,-0.4275487522300232,1.4093961822297485,1.2857038579639468,0.44527326040989335,4278384.712524428
7,30,3,7,0.6060543601327646,-0.4275487522300232,1.4175093646553425,1.2886020416389374,0.4463057035165648,4352697.592311534
7,30,3,14,0.6043870910558415,-0.4275487522300232,1.4136097647425212,1.2843011220827487,0.44732374669380853,4316839.44009964
7,30,3,30,0.6554458276407844,-0.4275487522300232,1.5330317869531556,1.337601157885436,0.4558253605073855,5540234.581398137
7,30,7,3,0.6098915791594626,-0.43808812180924406,1.3921664359231967,1.2799480321498378,0.453841643187208,4436216.285090543
7,30,7,7,0.6137490176833955,-0.43808812180924406,1.400971601669308,1.28322584043742,0.4549339910749685,4521584.133321964
7,30,7,14,0.6132076602066132,-0.43808812180924406,1.3997358743125685,1.2805506764635506,0.45597006438687254,4509517.531616041
7,30,7,30,0.6643343253841263,-0.43808812180924406,1.5164399405318645,1.3332836524479423,0.4642241100746557,5781628.1191863995
7,30,14,3,0.7062095040477909,-0.40522845861221835,1.7427440966667032,1.3645364737964283,0.47553393799565113,7046936.27954632
7,30,14,7,0.7103968819499571,-0.40522845861221835,1.75307747235435,1.3675944111133203,0.47665162922712057,7185860.30929172
7,30,14,14,0.7103086423400216,-0.40522845861221835,1.7528597196075717,1.3655532455205717,0.4776602879631615,7182908.27817034
7,30,14,30,0.7621485598215036,-0.40522845861221835,1.8807873524767382,1.4127187671344585,0.48559184004507244,9111355.544852793
7,30,30,3,0.8508887201089927,-0.3908212338516134,2.177181397549288,1.4757949443583003,0.5046218705063804,13474909.392511219
7,30,30,7,0.8551597700122531,-0.3911878955849136,2.186058872638678,1.4782808312229008,0.5056992708207756,13724555.849690747
7,30,30,14,0.8541802954951807,-0.3911284232880585,2.183887042302966,1.4753958304826145,0.5066313605906095,13666950.174873238
7,30,30,30,0.9103430199399762,-0.3916914530292662,2.3241329697126623,1.5196593103337415,0.5140411776593288,17333470.063846853
10,3,3,3,0.055369240788520235,-0.1891495511753084,0.2927273178523309,0.6815836468348201,0.08445206849415927,153603.97215582113
10,3,3,7,0.058389869179357845,-0.19514670937806067,0.29921011410055737,0.7045812196912087,0.08594019597904079,157140.5261781108
10,3,3,14,0.061814727097791566,-0.19103251819571354,0.32358222401937947,0.7268060389369646,0.08801456929129864,161236.30177118647
10,3,3,30,0.07991659215730107,-0.17084777805893092,0.46776489027405,0.7940717949636185,0.10375473603613057,184473.201239707
10,3,7,3,0.09013447622990922,-0.16635821788764493,0.5418095804006765,0.7907613467253535,0.11803685957435286,198841.3049401128
10,3,7,7,0.09380241348205898,-0.17184854053729948,0.5458435270312889,0.813348306501686,0.11904673564075123,204232.61760448877
10,3,7,14,0.09815494632200616,-0.1650606548908481,0.5946598623815859,0.8311285566582401,0.12165484356718113,210795.66454501232
10,3,7,30,0.11287281064341714,-0.14261759061541246,0.7914368077342849,0.8843867627483004,0.13071042569195607,234374.93455439142
10,3,14,3,0.16186360701652425,-0.13619491797271166,1.1884702412240935,0.9838374906881711,0.16639699527417293,330310.35013682145
10,3,14,7,0.16591403940772897,-0.13619491797271166,1.218210208408598,0.9988768897044242,0.16758055705352926,339593.56805261335
10,3,14,14,0.17085713916920042,-0.13619491797271166,1.2545045124476213,1.0145169027056693,0.16949152232213144,351231.18710333406
10,3,14,30,0.1853378644881123,-0.13619491797271166,1.3608280488501563,1.042173706661865,0.17824198174362388,387354.9118827249
10,3,30,3,0.24713092511511991,-0.22903394430130464,1.0790144049128712,1.1210206687389104,0.218226397897429,580607.5528899648
10,3,30,7,0.25162636906589686,-0.22903394430130475,1.0986422551186157,1.1335103745083586,0.21918952679868703,597486.7905625668
10,3,30,14,0.2565152977769598,-0.22903394430130475,1.1199881247274948,1.1443927854781266,0.22083404583441746,616329.077423195
10,3,30,30,0.2734180231165295,-0.22903394430130464,1.19378821314292,1.172000510677096,0.22849816478468166,685538.4282359458
10,7,3,3,0.1281729671392844,-0.28722106030930883,0.4462519809698311,0.8345330839573638,0.16016055541152333,261301.16993014314
10,7,3,7,0.1315765634094157,-0.28875927953171676,0.4556617665163678,0.8460244010919593,0.16187677838970604,267646.04481797316
10,7,3,14,0.1351560530977256,-0.27844571848563837,0.4853946177832742,0.8557716349432692,0.16416122957481488,274463.7630141641
10,7,3,30,0.15581835266984845,-0.23406539376290536,0.6657043579354724,0.9265198266611999,0.17266330244141712,316867.9536240019
10,7,7,3,0.16339705041732677,-0.2512451634254347,0.6503490383241557,0.9175176212042768,0.18349807111973906,333798.41769040155
10,7,7,7,0.1673581581558765,-0.2513186226374404,0.665920242597033,0.9300851892551859,0.18497133710106894,342958.0876247744
10,7,7,14,0.1719726343903707,-0.2386553294562056,0.7205899603508686,0.9395804097233399,0.18786859438786718,353905.12617932324
10,7,7,30,0.18924920015555768,-0.19828885780192018,0.9544116712024605,0.9965946155668786,0.1927981887744754,397652.60108657286
10,7,14,3,0.23995068832502797,-0.17995503745781016,1.3333924502184806,1.0862833744626368,0.220325330521102,554511.8820771467
10,7,14,7,0.24431471956461204,-0.18068448191556863,1.3521621612130308,1.0957554766097009,0.22195976488564065,570247.1799082896
10,7,14,14,0.24956498150441253,-0.1830563973894419,1.3633229161255558,1.1050847964007418,0.22438693398732318,589694.2861616483
10,7,14,30,0.26673212462809137,-0.1748869988855397,1.5251684020414953,1.1415849718750528,0.23036528214011565,657390.6350165795
10,7,30,3,0.3309167844043719,-0.22903394430130475,1.444837294375176,1.2112774395055275,0.2651459425418826,974514.7795566728
10,7,30,7,0.33571493863428903,-0.22903394430130486,1.465786827618182,1.219749170068133,0.26656868202146644,1002849.7086072725
10,7,30,14,0.34089554970886016,-0.22903394430130475,1.488406230564655,1.2267548527030796,0.2686586981479289,1034249.5640300855
10,7,30,30,0.36055747362653245,-0.22903394430130464,1.5742534353432023,1.2586066079041964,0.27474449133304585,1161384.1067523984
10,14,3,3,0.3075413079726299,-0.28321290551963785,1.0859014613347313,1.1664792621032056,0.2592545100033019,846249.5601929813
10,14,3,7,0.30916340748284243,-0.28994338308127143,1.0662888878418846,1.1674767287981245,0.2603350125023226,854647.0739007005
10,14,3,14,0.31228040221102527,-0.27953174304337003,1.1171554214598598,1.1680762993948215,0.26279137871286934,870988.3239111241
10,14,3,30,0.3371641278666011,-0.30678854949913714,1.0990114475167183,1.221982290333071,0.26763092516641057,1011548.158811935
10,14,7,3,0.33899907724075296,-0.279416446134941,1.2132395280592654,1.1994134808052206,0.2756328325622348,1022656.6587657176
10,14,7,7,0.3417912983038449,-0.27943435029790153,1.2231541968246402,1.2035931522913048,0.2766404341030677,1039765.0076293095
10,14,7,14,0.3459731715976242,-0.2803789321171233,1.2339485316717738,1.2048680815082145,0.2796166356686967,1065856.053948155
10,14,7,30,0.36681947014910055,-0.28310865569811927,1.2956844051431713,1.251135281336061,0.28215191631853703,1204644.8086838396
10,14,14,3,0.42552877912933296,-0.2756708367479035,1.5436118820159135,1.3083695719656887,0.30749420699458707,1683943.7983804683
10,14,14,7,0.4285011679365174,-0.27536119625421673,1.556142164420727,1.311301725178237,0.3086716541790174,1712112.4239245998
10,14,14,14,0.433473389864957,-0.27552164036627724,1.573282553372938,1.3136719205333174,0.3114100864097671,1760154.7569693117
10,14,14,30,0.45348413885786854,-0.2729689434710282,1.6613030518836276,1.3468800335201145,0.31480832818050397,1965630.3903317817
10,14,30,3,0.5320584690073635,-0.26455550077209466,2.0111412064938063,1.4107564966130386,0.345090075689554,2989567.6686514597
10,14,30,7,0.5352676370471241,-0.26475034274758535,2.0217826027800525,1.4134550541283735,0.34617800050177966,3039807.5287338467
10,14,30,14,0.5397945192652067,-0.26573213260921713,2.03134831292316,1.4147045919502506,0.3485370655390648,3111931.076326491
10,14,30,30,0.5639485739258319,-0.2686096793340106,2.099509501385367,1.4471486381371634,0.35241518392801247,3522629.513446181
10,30,3,3,0.7021423493022241,-0.39138057862269837,1.7940142859748505,1.4665998767882376,0.4258001758275614,6914255.082188707
10,30,3,7,0.7011430622951564,-0.39138057862269837,1.7914610499134593,1.4642655810542062,0.42619577403778824,6881992.022588756
10,30,3,14,0.7088963990904149,-0.39138057862269837,1.8112712735646765,1.4709145002823372,0.4278382703626353,7135806.170008406
10,30,3,30,0.7282853506189273,-0.39138057862269837,1.8608111653925843,1.4801874580204362,0.4348305167341071,7806679.803167776
10,30,7,3,0.7508942304076387,-0.3950423172473554,1.9007944152410057,1.5093110144156219,0.4351110168886242,8658071.571577901
10,30,7,7,0.7510569282996455,-0.3950423172473554,1.9012062645161427,1.5088101381316128,0.43541048595387577,8664481.264343828
10,30,7,14,0.7600876460702488,-0.3950423172473554,1.9240663920931809,1.515707661202828,0.4373892915925746,9026830.464204162
10,30,7,30,0.775580240335833,-0.3950423172473554,1.9632839482616848,1.5206379430850816,0.4435428413512313,9679387.82985348
10,30,14,3,0.8671142689384643,-0.3621264543326691,2.394506831975015,1.6017205925719753,0.45585856023835364,14444937.01873935
10,30,14,7,0.867035738307866,-0.3621264543326691,2.3942899722850948,1.6003924608548372,0.4563533906442553,14440098.931117333
10,30,14,14,0.8771678924572077,-0.3621264543326691,2.4222695745155183,1.607479526101028,0.4582513225820492,15076148.242038619
10,30,14,30,0.8914260009548054,-0.3621264543326691,2.4616428606342384,1.6066734474029092,0.4651649398734095,16012654.592769265
10,30,30,3,0.997218901284411,-0.3534777745615396,2.8211643646375784,1.6551983013073517,0.492404230196663,24700888.278859764
10,30,30,7,0.9971810412818372,-0.35370685986814754,2.8192301434401346,1.6538315319338508,0.4929671292563733,24697159.278956547
10,30,30,14,1.0070795432799629,-0.35377868296874415,2.846637154135533,1.6600753722603878,0.49457411692154196,25689034.33120188
10,30,30,30,1.02516005220791,-0.3548892631810534,2.8886758731973963,1.6622358836494744,0.5013362492784885,27590990.801662654
14,3,3,3,0.08468274589217484,-0.09370761814688289,0.9036911573127179,1.0543612917219138,0.08030079528503356,191058.057515385
14,3,3,7,0.08799965913378904,-0.09459331511817803,0.9302946939099095,1.065247203497539,0.08252092434140804,195761.0931014036
14,3,3,14,0.10476984789119381,-0.09397969683671126,1.1148136397293378,1.1631335319615332,0.08924289206281574,221123.22943747084
14,3,3,30,0.10851745532468793,-0.1311618571595108,0.8273552820521277,1.0335851228726787,0.10518916401610644,227168.34293512383
14,3,7,3,0.10775882631398193,-0.11490076508605018,0.9378425481612799,0.9866367428454569,0.10998851581380052,225933.09701578133
14,3,7,7,0.1114067823268916,-0.11588151969261584,0.9613852374598314,1.0020292936776447,0.11178283327363507,231927.16839691676
14,3,7,14,0.12725814423574788,-0.11639029507064691,1.0933741868985243,1.0827195418226343,0.1171130359243355,259618.37913420383
14,3,7,30,0.1304718545438659,-0.12954390375461378,1.0071632146504546,1.0140852326664673,0.1293167563329021,265572.0761836782
14,3,14,3,0.17029091329594537,-0.1514359852547621,1.1245075799484743,1.1232726363793835,0.15010433646620894,349880.66682650737
14,3,14,7,0.17448664958216242,-0.15144197313432417,1.152168358420676,1.13611987484028,0.15178222235553926,359996.7987248986
14,3,14,14,0.18978629086177978,-0.15143956361768351,1.2532147236035653,1.201079396888156,0.15475736761935333,399085.1687971039
14,3,14,30,0.19457951573019772,-0.15144314641957635,1.2848354008118081,1.151037959593503,0.16658477338182312,412071.2010275474
14,3,30,3,0.2663680509868207,-0.22903394430130464,1.1630068713151154,1.2095196407840445,0.2142395492500076,655887.3309229543
14,3,30,7,0.2711370374412807,-0.22903394430130464,1.1838290532367006,1.2213752301102938,0.21545758399709972,675819.2580473775
14,3,30,14,0.28891266644308455,-0.22903394430130486,1.261440383103242,1.2728603668254028,0.21813448915147662,754857.2869492321
14,3,30,30,0.2938943179759719,-0.22903394430130475,1.283191095854946,1.249563504659684,0.22681414867544608,778408.7992089143
14,7,3,3,0.1672674825406435,-0.15275471045847855,1.0950070347330454,1.1196360223235153,0.1482735668201664,342745.97649045265
14,7,3,7,0.17049407279873852,-0.15371455690517932,1.1091602267956302,1.1252057690357244,0.1502571939904877,350364.7046433918
14,7,3,14,0.18923877758413576,-0.1552454059551862,1.218965394948706,1.1898733051388155,0.15624076311249013,397624.84577657626
14,7,3,30,0.19242154740051887,-0.1819178582337445,1.057738636925234,1.156743436263316,0.16409491950181748,406179.7121396714
14,7,7,3,0.19090387453995428,-0.1822041284952498,1.047747249837598,1.110981906977242,0.17067669765097762,402080.5426294492
14,7,7,7,0.19441726831189587,-0.18270498286044612,1.0641049043549942,1.1170398760490219,0.17269830442614464,411625.6647230513
14,7,7,14,0.21240902077563018,-0.18172869719800178,1.1688248694382086,1.173482887066551,0.17794244263181447,463677.504310887
14,7,7,30,0.21509579435037796,-0.18631695637903278,1.15446172227502,1.1486620853959664,0.1847723449143191,471924.66800804075
14,7,14,3,0.2558446051549288,-0.16889242859499531,1.5148376234700558,1.2336882604958648,0.20135637408552948,613713.8179443344
14,7,14,7,0.26008261280241407,-0.16911738331200776,1.5378821958389866,1.2399579853712936,0.20338401020431854,630403.6864960437
14,7,14,14,0.27728845145576275,-0.1683655557138969,1.6469428695199286,1.2878641568977092,0.20694965019937686,702309.9807303409
14,7,14,30,0.2823732626000788,-0.1728733182106157,1.633411480284405,1.2657079424183115,0.21501123521654184,724888.4474592367
14,7,30,3,0.3589623566283304,-0.22903394430130486,1.5672888912749923,1.3170894553158767,0.25843003623662086,1150583.888837234
14,7,30,7,0.36377835092937927,-0.22903394430130475,1.5883163172128407,1.3245083355299367,0.25995406301389823,1183462.5706701009
14,7,30,14,0.3836353996783328,-0.22903394430130486,1.675015469207667,1.3663835298954,0.2632221894426938,1327865.434839321
14,7,30,30,0.38885669155352254,-0.22903394430130486,1.6978124912434962,1.3533965551031337,0.2698049580050438,1368302.1607478333
14,14,3,3,0.3989829221357315,-0.24128174354024334,1.653597641833955,1.4461004152773713,0.2553644323676267,1449804.8202947304
14,14,3,7,0.40244242555264753,-0.24145677538999144,1.66672658036884,1.4471169634342165,0.2572237174850258,1478605.7421459982
14,14,3,14,0.430175537221698,-0.24636957384006364,1.7460578857881053,1.488240859770319,0.26457723741884426,1728160.74224485
14,14,3,30,0.42868474990861416,-0.23679934174359196,1.81032914514094,1.4731611390546464,0.26700570078758173,1713865.6162632632
14,14,7,3,0.416071270109156,-0.24298719342476738,1.7123176914999767,1.4171605199711548,0.2723199458764187,1596994.657608116
14,14,7,7,0.4198741613074477,-0.24309486745191455,1.7272029052217692,1.4193474900198964,0.2741425060024065,1631473.2678212463
14,14,7,14,0.44657753686143686,-0.24748476384641926,1.8044647675303676,1.4583121997962118,0.2808971772753835,1892460.5848967202
14,14,7,30,0.4447962320935974,-0.2382118110503938,1.8672299670292192,1.4440881502643186,0.28325268829746486,1873980.0225006728
14,14,14,3,0.48816576536505063,-0.2495710234757449,1.956019407086713,1.4939355207010954,0.29609279965649077,2371731.166499576
14,14,14,7,0.49251945530537555,-0.24808530870776146,1.9852826347147854,1.496397446950246,0.29791969824373715,2427559.2381585957
14,14,14,14,0.5184827687769968,-0.24857962886430562,2.085781409948221,1.5314971647163156,0.30346733543828586,2784980.723465247
14,14,14,30,0.5189829848564347,-0.2448249924318524,2.1198121143653044,1.5182122559800753,0.3070094659936257,2792295.8474365724
14,14,30,3,0.6178866892622175,-0.2531565137178644,2.4407299665646143,1.5760230644078645,0.34326647156364165,4614747.278922288
14,14,30,7,0.6229682080366405,-0.25320983051196966,2.460284447791974,1.5795003624935713,0.34484294444495245,4731455.22120365
14,14,30,14,0.6529051803351753,-0.2532428411959078,2.5781782310288097,1.6151523125481078,0.3496012806509148,5472876.303122424
14,14,30,30,0.6532744272005111,-0.25384719697672875,2.5734947440069607,1.6029662377570677,0.3531490615699459,5482621.16888882
14,30,3,3,0.8336692964186159,-0.3149813310482814,2.646726057205048,1.667166869135903,0.41701982569515916,12508233.134149099
14,30,3,7,0.8339951749946719,-0.31807367938010467,2.6220188247579905,1.6648108519728355,0.41795812170822016,12525948.618795905
14,30,3,14,0.8703043996933535,-0.3134713918894012,2.7763439414605777,1.702322000481391,0.421051784501915,14642675.74175618
14,30,3,30,0.8556733610157585,-0.3202639397741275,2.671775541196549,1.6586120133893034,0.42956532159812627,13754846.359758059
14,30,7,3,0.8635627241395647,-0.3161256647078724,2.7317071043174295,1.6758744411755853,0.4270828632237779,14227546.665362284
14,30,7,7,0.8641144279629802,-0.3189598054912325,2.7091640171781233,1.6739539016611442,0.42798558697521083,14261127.635670003
14,30,7,14,0.8995317150976279,-0.3147444612122873,2.857974725378618,1.7088936602783493,0.43104520301009797,16567416.394080328
14,30,7,30,0.8845756341330457,-0.3209654712824128,2.7559837841707298,1.6668575020903962,0.4392859489192209,15556545.237767536
14,30,14,3,0.9510799983747324,-0.3128953757471694,3.0396102726146994,1.7290694677331735,0.4450720733496308,20505441.56991082
14,30,14,7,0.9525080096225151,-0.31302901992564525,3.0428744588880843,1.72792524560642,0.44604424138585536,20625277.276226275
14,30,14,14,0.9859701421448235,-0.3129752492685569,3.1503134655187544,1.7584161917397396,0.4486689247552472,23614364.146864157
14,30,14,30,0.9759938495947835,-0.3130551991866105,3.1176414004004416,1.7217523964102355,0.4575923034593376,22685956.20766764
14,30,30,3,1.1107315640492752,-0.3183265888832889,3.4892830283068603,1.782600723178707,0.48669798282905585,38363374.22633311
14,30,30,7,1.1129506379996381,-0.3189436398577066,3.4894899879369583,1.7821314438894593,0.4876932700662082,38685777.471903645
14,30,30,14,1.1508232600593855,-0.31852438199323097,3.6129832600502207,1.812704807749662,0.4898926917830154,44565594.94220513
14,30,30,30,1.140445751976789,-0.32005016257158025,3.5633343936256385,1.780817124264525,0.4982173737612229,42881550.21463574
