window,from,to,years,CHAMP_CAGR_%,CHAMP_MDD_%,CHAMP_Sharpe,CHAMP_Calmar,CHAMP_Final_$
16y_full,2010-05-25,2026-10-02,16.355920602327174,55.881957045305896,-48.18871689827697,1.574433378862695,1.1596481633505373,138420363.91994953
15.4y_VIX9D,2011-01-03,2026-10-02,15.745379876796715,57.66829044208872,-48.18871689827697,1.5997649227903932,1.196717699784837,138420363.91994953
10y,2016-10-03,2026-10-02,9.995893223819301,67.35518254448274,-48.18871689827697,1.6406942002901588,1.3977376215819326,138420363.91994953
8y,2018-10-02,2026-10-02,8.0,66.24995260457405,-48.18871689827697,1.5592075157709229,1.3748021708987,138420363.91994953
5y,2021-10-04,2026-10-02,4.993839835728953,66.5269554987256,-48.18871689827697,1.4493756936788529,1.3805504645238713,138420363.91994953
4y,2022-10-03,2026-10-02,3.997262149212868,83.82671233318761,-48.18871689827697,1.6266497961590156,1.7395506194975054,138420363.91994953
3y,2023-10-02,2026-10-02,3.0006844626967832,84.45903706327267,-48.18871689827697,1.58703719175939,1.7526724615133418,138420363.91994953
2y,2024-10-02,2026-10-02,1.998631074606434,61.95032359926713,-48.18871689827697,1.3192010352667012,1.2855773630586587,138420363.91994953
1y,2025-10-02,2026-10-02,0.999315537303217,86.35660496316906,-48.18871689827697,1.439781834262467,1.7920503080723615,138420363.91994953
